"Industry","Location","Month","Year","Actuals","Predictions","Difference","December_2016"
1,1,"Jul","2016",167773.577129683,187074.715896315,-19301.1387666322,174129.00129332
1,1,"Aug","2016",193259.885792016,188697.275036224,4562.61075579197,174129.00129332
1,1,"Sep","2016",182641.977231339,183805.257783998,-1163.28055265915,174129.00129332
1,1,"Oct","2016",183842.131807222,194613.911776976,-10771.7799697533,174129.00129332
1,1,"Nov","2016",202628.214516364,190312.44564754,12315.7688688239,174129.00129332
1,2,"Jul","2016",197556.748180222,205990.971632656,-8434.22345243383,201768.368366009
1,2,"Aug","2016",213095.368057185,205261.339601795,7834.02845539016,201768.368366009
1,2,"Sep","2016",198875.343678309,204219.643330666,-5344.29965235697,201768.368366009
1,2,"Oct","2016",199134.259287455,210409.795250387,-11275.5359629322,201768.368366009
1,2,"Nov","2016",213966.273951922,205650.481665726,8315.79228619547,201768.368366009
1,3,"Jul","2016",180440.233784767,191160.296304769,-10720.0625200014,186172.361595394
1,3,"Aug","2016",203845.789576092,192437.882357636,11407.9072184555,186172.361595394
1,3,"Sep","2016",182375.913794667,188591.461793769,-6215.54799910189,186172.361595394
1,3,"Oct","2016",185396.613527111,199823.038976424,-14426.4254493125,186172.361595394
1,3,"Nov","2016",217984.605236222,202815.321328933,15169.2839072893,186172.361595394
1,4,"Jul","2016",217419.353152128,218286.570641676,-867.217489547853,200058.879701166
1,4,"Aug","2016",232247.128510403,234096.744044227,-1849.61553382393,200058.879701166
1,4,"Sep","2016",226753.954710267,217190.18083217,9563.77387809663,200058.879701166
1,4,"Oct","2016",220259.121345455,223829.029417886,-3569.90807243102,200058.879701166
1,4,"Nov","2016",216467.431754248,221360.129068752,-4892.69731450349,200058.879701166
1,5,"Jul","2016",165353.45510929,169614.324515038,-4260.86940574809,143719.703080082
1,5,"Aug","2016",172520.022043048,164150.8228441,8369.19919894863,143719.703080082
1,5,"Sep","2016",164564.180983627,163116.251799108,1447.92918451925,143719.703080082
1,5,"Oct","2016",162717.695858103,173178.963149737,-10461.2672916347,143719.703080082
1,5,"Nov","2016",173526.357166649,164625.85678145,8900.50038519953,143719.703080082
1,6,"Jul","2016",129245.885785298,132597.947852004,-3352.06206670584,124421.037013736
1,6,"Aug","2016",134230.503316899,130992.072018648,3238.43129825029,124421.037013736
1,6,"Sep","2016",133517.593878188,133412.516696139,105.07718204867,124421.037013736
1,6,"Oct","2016",132851.596530968,132397.113679561,454.482851406821,124421.037013736
1,6,"Nov","2016",138922.097651742,123258.344083697,15663.7535680446,124421.037013736
1,7,"Jul","2016",182823.137700515,174134.171378964,8688.96632155188,157669.219582543
1,7,"Aug","2016",195491.311731584,169996.049450626,25495.262280958,157669.219582543
1,7,"Sep","2016",186647.004159082,170116.456300607,16530.5478584748,157669.219582543
1,7,"Oct","2016",192543.995097736,165573.108135475,26970.8869622611,157669.219582543
1,7,"Nov","2016",203004.280447944,158296.635786458,44707.6446614864,157669.219582543
1,8,"Jul","2016",143771.002403333,136926.466516067,6844.53588726593,135766.789180524
1,8,"Aug","2016",152244.59632975,135519.699524006,16724.8968057437,135766.789180524
1,8,"Sep","2016",147291.785953077,130874.851675465,16416.9342776119,135766.789180524
1,8,"Oct","2016",152036.842366579,132120.734435869,19916.1079307095,135766.789180524
1,8,"Nov","2016",141706.489961111,135820.738131515,5885.75182959609,135766.789180524
1,9,"Jul","2016",184365.932112609,203328.408634186,-18962.4765215777,186918.264640845
1,9,"Aug","2016",217140.814725349,207343.305323621,9797.50940172814,186918.264640845
1,9,"Sep","2016",203598.076452273,199423.552907911,4174.52354436161,186918.264640845
1,9,"Oct","2016",196951.261467045,208892.448202055,-11941.1867350091,186918.264640845
1,9,"Nov","2016",203500.666292083,214261.495149964,-10760.8288578808,186918.264640845
1,10,"Jul","2016",237447.414857857,262247.785943069,-24800.371085212,225624.739663466
1,10,"Aug","2016",281318.921365893,256086.058845485,25232.8625204083,225624.739663466
1,10,"Sep","2016",254624.925167982,246829.723045784,7795.20212219717,225624.739663466
1,10,"Oct","2016",256146.088636916,246697.015720145,9449.07291677085,225624.739663466
1,10,"Nov","2016",272996.55335037,247893.792864954,25102.7604854162,225624.739663466
2,1,"Jul","2016",453103.376093421,402222.311980092,50881.0641133286,466508.824159947
2,1,"Aug","2016",431393.351570393,420188.895407414,11204.456162979,466508.824159947
2,1,"Sep","2016",436423.345167642,403832.691892343,32590.6532752998,466508.824159947
2,1,"Oct","2016",437344.699159545,421247.447720999,16097.2514385466,466508.824159947
2,1,"Nov","2016",448614.095100637,438056.184193118,10557.9109075185,466508.824159947
2,2,"Jul","2016",446905.894797277,433446.366658364,13459.5281389134,514438.86123914
2,2,"Aug","2016",437150.116745148,453605.129439558,-16455.0126944095,514438.86123914
2,2,"Sep","2016",450282.088598077,446246.057914607,4036.03068346996,514438.86123914
2,2,"Oct","2016",451818.518704338,479937.086038062,-28118.5673337243,514438.86123914
2,2,"Nov","2016",450687.512940482,481606.414952186,-30918.9020117035,514438.86123914
2,3,"Jul","2016",390638.456798841,429621.811910088,-38983.3551112476,573561.282218623
2,3,"Aug","2016",383861.285900278,472936.668775351,-89075.3828750734,573561.282218623
2,3,"Sep","2016",407545.144921867,477646.314859954,-70101.1699380875,573561.282218623
2,3,"Oct","2016",480848.378487632,544910.827803438,-64062.4493158069,573561.282218623
2,3,"Nov","2016",505371.024647975,570643.216920213,-65272.1922722383,573561.282218623
2,4,"Jul","2016",280096.219355227,245199.200818914,34897.0185363136,357826.96057862
2,4,"Aug","2016",276952.104708444,247973.882652365,28978.2220560793,357826.96057862
2,4,"Sep","2016",289050.675305778,249140.344486655,39910.3308191224,357826.96057862
2,4,"Oct","2016",288442.0847358,286539.226513538,1902.85822226154,357826.96057862
2,4,"Nov","2016",327749.420475556,293854.529044603,33894.8914309522,357826.96057862
2,5,"Jul","2016",387220.823764773,368272.22316883,18948.6005959425,434710.109984786
2,5,"Aug","2016",346851.13316383,334875.392987658,11975.7401761722,434710.109984786
2,5,"Sep","2016",370575.394213265,317665.365949572,52910.0282636933,434710.109984786
2,5,"Oct","2016",382888.505040566,339790.687162196,43097.8178783698,434710.109984786
2,5,"Nov","2016",311895.585291538,351977.812537924,-40082.2272463854,434710.109984786
2,6,"Jul","2016",268694.513226818,258003.834531024,10690.678695794,357159.867017412
2,6,"Aug","2016",264789.70148,281031.57604816,-16241.8745681604,357159.867017412
2,6,"Sep","2016",263935.645603043,285796.490526804,-21860.8449237608,357159.867017412
2,6,"Oct","2016",298369.262483793,295289.626254556,3079.63622923748,357159.867017412
2,6,"Nov","2016",377119.348230741,317976.558787776,59142.789442965,357159.867017412
2,7,"Jul","2016",351302.815756567,322615.076548994,28687.7392075735,374169.883135301
2,7,"Aug","2016",314421.04529589,315029.639761886,-608.594465995964,374169.883135301
2,7,"Sep","2016",356531.363953623,300546.953191531,55984.4107620922,374169.883135301
2,7,"Oct","2016",373837.467960676,299804.546600238,74032.9213604377,374169.883135301
2,7,"Nov","2016",373816.983522192,293433.5860323,80383.3974898914,374169.883135301
2,8,"Jul","2016",340025.722463,358273.542989326,-18247.8205263256,444901.133743238
2,8,"Aug","2016",321551.780177619,351091.046500369,-29539.2663227502,444901.133743238
2,8,"Sep","2016",353191.031410476,352198.965593955,992.065816521121,444901.133743238
2,8,"Oct","2016",380613.480671429,371318.707275622,9294.77339580678,444901.133743238
2,8,"Nov","2016",376161.622769524,359019.642896058,17141.9798734654,444901.133743238
2,9,"Jul","2016",425693.2065,374812.497355082,50880.7091449181,529815.720738386
2,9,"Aug","2016",416691.052177667,439453.172669814,-22762.1204921472,529815.720738386
2,9,"Sep","2016",430272.926118437,433050.990920003,-2778.06480156566,529815.720738386
2,9,"Oct","2016",474634.444734375,471516.883004594,3117.56172978116,529815.720738386
2,9,"Nov","2016",455279.373569143,462854.856086064,-7575.48251692095,529815.720738386
2,10,"Jul","2016",391149.592411667,323513.062320703,67636.5300909637,377232.666698673
2,10,"Aug","2016",386485.941041429,329545.677715888,56940.2633255404,377232.666698673
2,10,"Sep","2016",396740.102431136,322167.843624096,74572.2588070402,377232.666698673
2,10,"Oct","2016",397608.405877609,325917.011105629,71691.3947719798,377232.666698673
2,10,"Nov","2016",378361.300785217,328158.73449162,50202.5662935977,377232.666698673
3,1,"Jul","2016",720028.656773579,688082.302556013,31946.354217566,862240.610167731
3,1,"Aug","2016",727269.191477717,706572.110899315,20697.0805784027,862240.610167731
3,1,"Sep","2016",780567.514278191,654294.32483108,126273.189447111,862240.610167731
3,1,"Oct","2016",814869.070292525,708339.613527043,106529.456765482,862240.610167731
3,1,"Nov","2016",853822.068487525,716525.757410647,137296.311076878,862240.610167731
3,2,"Jul","2016",741648.473232529,678070.03016425,63578.4430682787,861260.115636019
3,2,"Aug","2016",702643.414664824,717202.139278541,-14558.7246137173,861260.115636019
3,2,"Sep","2016",692486.580241778,688409.825240379,4076.75500139885,861260.115636019
3,2,"Oct","2016",687856.591375408,693003.221117536,-5146.62974212808,861260.115636019
3,2,"Nov","2016",722284.831708866,733419.856886756,-11135.0251778896,861260.115636019
3,3,"Jul","2016",786833.000141905,692894.934918669,93938.0652232362,951286.577526414
3,3,"Aug","2016",734043.290751818,709235.749341554,24807.541410264,951286.577526414
3,3,"Sep","2016",778816.124826522,732286.419444068,46529.7053824542,951286.577526414
3,3,"Oct","2016",864183.25842913,807047.262592919,57135.995836211,951286.577526414
3,3,"Nov","2016",867345.259056522,817313.695458095,50031.5635984265,951286.577526414
3,4,"Jul","2016",820098.960746111,825076.206663636,-4977.24591752538,1241993.41795999
3,4,"Aug","2016",838893.113568235,918257.705204879,-79364.5916366441,1241993.41795999
3,4,"Sep","2016",814316.166231111,921792.123579413,-107475.957348302,1241993.41795999
3,4,"Oct","2016",981754.917754706,920672.022776523,61082.894978183,1241993.41795999
3,4,"Nov","2016",1100364.86515941,1008473.94171589,91890.923443526,1241993.41795999
3,5,"Jul","2016",522243.438694545,550798.609122624,-28555.1704280789,503280.569300139
3,5,"Aug","2016",495306.611266364,543060.84928568,-47754.2380193162,503280.569300139
3,5,"Sep","2016",544481.522977273,611433.08228568,-66951.5593084074,503280.569300139
3,5,"Oct","2016",546745.096272308,519523.537237208,27221.5590350998,503280.569300139
3,5,"Nov","2016",583537.677272727,400218.561518865,183319.115753862,503280.569300139
3,7,"Jul","2016",700933.600087727,638671.658230449,62261.9418572786,789306.036080835
3,7,"Aug","2016",614665.461268182,654654.086917115,-39988.6256489337,789306.036080835
3,7,"Sep","2016",681792.476978095,598333.424776322,83459.0522017736,789306.036080835
3,7,"Oct","2016",670145.827715714,653310.572300782,16835.2554149324,789306.036080835
3,7,"Nov","2016",703685.099068571,645535.939837228,58149.1592313434,789306.036080835
3,9,"Jul","2016",975285.869809,840411.033090921,134874.836718079,1249570.86890688
3,9,"Aug","2016",976132.171521,917579.253976516,58552.917544484,1249570.86890688
3,9,"Sep","2016",1260839.52754444,791761.454235564,469078.07330888,1249570.86890688
3,9,"Oct","2016",1550019.64147778,831488.481701635,718531.159776142,1249570.86890688
3,9,"Nov","2016",1407717.768412,842118.119780968,565599.648631032,1249570.86890688
4,1,"Jul","2016",383776.920435,401546.483500255,-17769.5630652548,476110.61161004
4,1,"Aug","2016",440455.856815,433542.769931126,6913.08688387438,476110.61161004
4,1,"Sep","2016",400911.939158125,432163.797129776,-31251.8579716509,476110.61161004
4,1,"Oct","2016",395847.586875625,433992.561690342,-38144.9748147174,476110.61161004
4,1,"Nov","2016",405416.47452625,429306.037359787,-23889.5628335369,476110.61161004
4,2,"Jul","2016",218927.061043333,222883.77551292,-3956.71446958685,269441.147545693
4,2,"Aug","2016",238721.203969333,228590.497899746,10130.7060695877,269441.147545693
4,2,"Sep","2016",230841.533554,231498.112077933,-656.578523933335,269441.147545693
4,2,"Oct","2016",241808.568487143,235121.407346444,6687.16114069882,269441.147545693
4,2,"Nov","2016",209456.430103333,219857.84063977,-10401.410536437,269441.147545693
4,3,"Jul","2016",296013.4996,280711.712214392,15301.7873856085,438841.734521022
4,3,"Aug","2016",335965.55238,312265.116547725,23700.4358322752,438841.734521022
4,3,"Sep","2016",319661.91768,293983.09615328,25678.8215267197,438841.734521022
4,3,"Oct","2016",330152.12056,296155.495673392,33996.6248866085,438841.734521022
4,3,"Nov","2016",341279.889,336376.446045503,4903.44295449741,438841.734521022
4,4,"Jul","2016",335730.788722222,340535.877778199,-4805.08905597648,513244.053961212
4,4,"Aug","2016",360217.254955556,388039.212075269,-27821.957119713,513244.053961212
4,4,"Sep","2016",325644.917911111,371456.056563139,-45811.1386520277,513244.053961212
4,4,"Oct","2016",366633.972,385499.623781624,-18865.6517816237,513244.053961212
4,4,"Nov","2016",390139.5683375,390607.166633795,-467.598296295386,513244.053961212
4,5,"Jul","2016",381283.81975,376406.060234924,4877.75951507594,511516.520084063
4,5,"Aug","2016",405827.0521,435224.816533833,-29397.7644338328,511516.520084063
4,5,"Sep","2016",368494.50638,386382.177050615,-17887.6706706153,511516.520084063
4,5,"Oct","2016",377395.1794295,408542.283967953,-31147.1045384528,511516.520084063
4,5,"Nov","2016",352507.425615789,392783.522198508,-40276.0965827186,511516.520084063
4,6,"Jul","2016",799827.57235,997271.387960926,-197443.815610926,994499.518760505
4,6,"Aug","2016",916363.19595,1021401.72641648,-105038.530466482,994499.518760505
4,6,"Sep","2016",799270.00875,927279.90950537,-128009.90075537,994499.518760505
4,6,"Oct","2016",835747.4798,1006293.6306387,-170546.150838703,994499.518760505
4,6,"Nov","2016",841254.7922,944511.755838704,-103256.963638704,994499.518760505
4,7,"Jul","2016",496758.804687692,538930.830544908,-42172.0258572155,540110.967059778
4,7,"Aug","2016",546990.513795833,532025.622942521,14964.8908533127,540110.967059778
4,7,"Sep","2016",502305.604558333,520024.10247839,-17718.4979200564,540110.967059778
4,7,"Oct","2016",496736.785461667,561000.017445005,-64263.2319833384,540110.967059778
4,7,"Nov","2016",504343.24275,540862.595853269,-36519.353103269,540110.967059778
4,8,"Jul","2016",209556.367497857,225098.059205491,-15541.6917076336,284709.082652963
4,8,"Aug","2016",227712.405977143,245933.887167723,-18221.4811905798,284709.082652963
4,8,"Sep","2016",214691.621444667,224070.265193621,-9378.64374895478,284709.082652963
4,8,"Oct","2016",215551.753509286,232482.567689549,-16930.8141802633,284709.082652963
4,8,"Nov","2016",205263.045054286,229008.005918075,-23744.9608637893,284709.082652963
4,9,"Jul","2016",207216.893017273,210468.703885191,-3251.81086791851,286987.710922405
4,9,"Aug","2016",241177.26864,230063.746339858,11113.5223001421,286987.710922405
4,9,"Sep","2016",237837.87646,217361.614719191,20476.2617408088,286987.710922405
4,9,"Oct","2016",215378.780595455,213050.134737429,2328.64585802591,286987.710922405
4,9,"Nov","2016",235349.62492,219878.29368204,15471.3312379603,286987.710922405
4,10,"Jul","2016",277659.510827273,271236.272974306,6423.23785296641,329976.978736439
4,10,"Aug","2016",303386.989016667,304162.050042455,-775.061025787843,329976.978736439
4,10,"Sep","2016",279406.116616667,253999.134464306,25406.9821523604,329976.978736439
4,10,"Oct","2016",282194.778684615,269875.453868232,12319.3248163832,329976.978736439
4,10,"Nov","2016",261677.841807692,296681.856315417,-35004.0145077251,329976.978736439
5,1,"Jul","2016",686415.9445,709445.937227,-23029.9927269997,722186.65396023
5,1,"Aug","2016",727524.36215,717932.50032856,9591.86182143993,722186.65396023
5,1,"Sep","2016",668842.520988889,740873.778531222,-72031.2575423328,722186.65396023
5,1,"Oct","2016",633081.317221053,697982.997592284,-64901.6803712314,722186.65396023
5,1,"Nov","2016",615304.9572755,707663.957630418,-92359.0003549182,722186.65396023
5,2,"Jul","2016",431884.325613333,467653.43118458,-35769.1055712463,430857.907922571
5,2,"Aug","2016",484815.940895,473633.738267913,11182.202627087,430857.907922571
5,2,"Sep","2016",452084.482399167,448700.194592657,3384.28780651011,430857.907922571
5,2,"Oct","2016",462859.137575,456846.558563127,6012.5790118734,430857.907922571
5,2,"Nov","2016",500719.503357273,419307.625030477,81411.8783267956,430857.907922571
5,3,"Aug","2016",294345.211621,321575.561624538,-27230.3500035378,318978.793308075
5,3,"Sep","2016",312058.325018,243936.33164926,68121.99336874,318978.793308075
5,3,"Oct","2016",324974.42035,287459.704074551,37514.716275449,318978.793308075
5,3,"Nov","2016",315364.63354,280831.68210635,34532.95143365,318978.793308075
5,4,"Jul","2016",413762.203305,370615.352318542,43146.8509864579,386625.054042639
5,4,"Aug","2016",461278.20006,385002.585048248,76275.6150117516,386625.054042639
5,4,"Sep","2016",416323.654428571,379755.578396534,36568.0760320377,386625.054042639
5,4,"Oct","2016",417857.372233571,343299.403714849,74557.9685187227,386625.054042639
5,4,"Nov","2016",399349.285046667,335309.57447016,64039.7105765067,386625.054042639
5,5,"Jul","2016",225500.960333333,253284.636691166,-27783.6763578326,265339.637633012
5,5,"Aug","2016",234843.514933333,233801.838046721,1041.67688661185,265339.637633012
5,5,"Sep","2016",186683.46339,237194.647557833,-50511.1841678327,265339.637633012
5,5,"Oct","2016",216165.470566667,228731.447191166,-12565.9766244993,265339.637633012
5,5,"Nov","2016",744809.34515,221414.182191166,523395.162958834,265339.637633012
5,6,"Jul","2016",556427.577118182,660962.828359714,-104535.251241532,618153.950746338
5,6,"Aug","2016",584136.703945455,624060.636879259,-39923.9329338048,618153.950746338
5,6,"Sep","2016",520512.8321,629899.834547062,-109387.002447062,618153.950746338
5,6,"Oct","2016",569015.94823,641583.059924293,-72567.1116942929,618153.950746338
5,6,"Nov","2016",610185.99426,622343.896948774,-12157.9026887745,618153.950746338
5,7,"Jul","2016",380529.0025,401379.375720833,-20850.3732208333,348035.155767929
5,7,"Aug","2016",418064.0906,381693.171993056,36370.9186069444,348035.155767929
5,7,"Sep","2016",391450.52675,375573.650965278,15876.8757847223,348035.155767929
5,7,"Oct","2016",376953.9165,346773.452054167,30180.4644458333,348035.155767929
5,7,"Nov","2016",383997.0033,325075.578973611,58921.4243263889,348035.155767929
5,8,"Jul","2016",477662.5188,524655.61591988,-46993.0971198795,454142.656084714
5,8,"Aug","2016",464915.8592375,529203.719924086,-64287.8606865859,454142.656084714
5,8,"Sep","2016",485635.427028571,454390.0139898,31245.4130387713,454142.656084714
5,8,"Oct","2016",467426.506114286,456688.099395276,10738.4067190095,454142.656084714
5,8,"Nov","2016",456789.952371429,408310.482459562,48479.4699118666,454142.656084714
5,9,"Jul","2016",561552.9756375,555723.718427949,5829.25720955082,551785.080228373
5,9,"Aug","2016",581733.5005625,547382.627860557,34350.8727019427,551785.080228373
5,9,"Sep","2016",552106.957025,521184.807112581,30922.1499124188,551785.080228373
5,9,"Oct","2016",530904.7984,515285.838147899,15618.9602521013,551785.080228373
5,9,"Nov","2016",546784.908375,485009.003736351,61775.904638649,551785.080228373
5,10,"Jul","2016",617349.9958,562936.527805555,54413.4679944445,647758.715035959
5,10,"Aug","2016",473433.0585,601843.939852222,-128410.881352222,647758.715035959
5,10,"Sep","2016",659246.1062,636109.723688889,23136.3825111113,647758.715035959
5,10,"Oct","2016",453750.875136667,654707.409788889,-200956.534652222,647758.715035959
5,10,"Nov","2016",465525.403033333,637718.546788889,-172193.143755555,647758.715035959
6,1,"Jul","2016",46242136.7879,44394343.2875637,1847793.5003363,51255702.8419609
6,1,"Aug","2016",46378804.5731667,42992912.3222048,3385892.25096186,51255702.8419609
6,1,"Sep","2016",46583480.8471,42923947.4491221,3659533.39797787,51255702.8419609
6,1,"Oct","2016",49971497.3235,45735816.5535881,4235680.76991186,51255702.8419609
6,1,"Nov","2016",48440586.4291,42757420.966587,5683165.46251298,51255702.8419609
7,1,"Jul","2016",288467.084742917,280419.470780618,8047.6139622989,346831.742223719
7,1,"Aug","2016",306547.56761125,288513.536509655,18034.0311015945,346831.742223719
7,1,"Sep","2016",320671.98698,294745.947545027,25926.039434973,346831.742223719
7,1,"Oct","2016",330809.910994091,289893.473835225,40916.4371588655,346831.742223719
7,1,"Nov","2016",333842.664777273,315885.735753255,17956.9290240179,346831.742223719
7,2,"Jul","2016",288352.37224375,295988.048018115,-7635.67577436502,388951.299896335
7,2,"Aug","2016",303133.391726522,319062.974156302,-15929.58242978,388951.299896335
7,2,"Sep","2016",305594.869121739,311178.031768487,-5583.16264674766,388951.299896335
7,2,"Oct","2016",317078.508915,309669.894633235,7408.61428176455,388951.299896335
7,2,"Nov","2016",335889.296359091,328951.757977778,6937.53838131309,388951.299896335
7,3,"Jul","2016",319629.105541111,357554.12303753,-37925.0174964185,257164.86500079
7,3,"Aug","2016",319807.21518,408085.177081752,-88277.9619017518,257164.86500079
7,3,"Sep","2016",334612.790044444,382680.744210641,-48067.9541661962,257164.86500079
7,3,"Oct","2016",360764.01455,372040.641966403,-11276.6274164026,257164.86500079
7,3,"Nov","2016",395456.578455,332769.162968585,62687.4154864149,257164.86500079
7,4,"Jul","2016",341816.195425,431698.026518673,-89881.8310936733,419478.776158464
7,4,"Aug","2016",424509.595828571,426043.354329229,-1533.75850065745,419478.776158464
7,4,"Sep","2016",392839.7000875,463976.579924784,-71136.8798372845,419478.776158464
7,4,"Oct","2016",354776.31514,485062.690949229,-130286.375809229,419478.776158464
7,4,"Nov","2016",350878.17853,478802.884674229,-127924.706144229,419478.776158464
7,5,"Jul","2016",404778.545886667,398982.335941136,5796.2099455304,352519.718569757
7,5,"Aug","2016",388465.255904118,450353.505792698,-61888.2498885799,352519.718569757
7,5,"Sep","2016",385004.857884706,426427.36832722,-41422.5104425145,352519.718569757
7,5,"Oct","2016",407120.923604706,401212.902166738,5908.02143796836,352519.718569757
7,5,"Nov","2016",375167.890674706,398300.53417872,-23132.6435040146,352519.718569757
7,6,"Jul","2016",193442.234476667,206127.195074177,-12684.9605975099,181448.010107493
7,6,"Aug","2016",193938.223097778,226080.009467788,-32141.7863700099,181448.010107493
7,6,"Sep","2016",209197.5361275,181862.046991954,27335.4891355457,181448.010107493
7,6,"Oct","2016",204402.39680125,186124.924296954,18277.4725042957,181448.010107493
7,6,"Nov","2016",250698.23994,189303.947896954,61394.2920430457,181448.010107493
7,7,"Jul","2016",279963.956927857,266432.819501205,13531.1374266521,221381.267543229
7,7,"Aug","2016",298727.227185714,258787.633996529,39939.5931891851,221381.267543229
7,7,"Sep","2016",282017.090602143,246273.363064809,35743.7275373343,221381.267543229
7,7,"Oct","2016",282356.837599286,253462.644479909,28894.193119377,221381.267543229
7,7,"Nov","2016",265605.459644286,237518.906170973,28086.553473313,221381.267543229
7,8,"Jul","2016",281827.3274,283841.760561852,-2014.43316185189,247147.321372222
7,8,"Aug","2016",313429.14565,318682.346806296,-5253.2011562963,247147.321372222
7,8,"Sep","2016",292480.050025,292615.482031296,-135.432006296294,247147.321372222
7,8,"Oct","2016",298639.127875,272534.52918963,26104.5986853704,247147.321372222
7,8,"Nov","2016",265157.12324,276393.059895185,-11235.9366551852,247147.321372222
7,9,"Jul","2016",486111.49749875,722738.452761358,-236626.955262608,617497.750061372
7,9,"Aug","2016",522005.20191375,704979.040647469,-182973.838733719,617497.750061372
7,9,"Sep","2016",466907.595663333,700360.27846858,-233452.682805247,617497.750061372
7,9,"Oct","2016",512967.502314444,759030.860032469,-246063.357718025,617497.750061372
7,9,"Nov","2016",500490.756674444,724041.982918025,-223551.226243581,617497.750061372
7,10,"Jul","2016",350616.9509675,432751.88498495,-82134.9340174503,388793.059659316
7,10,"Aug","2016",371955.36739,476660.780136061,-104705.412746061,388793.059659316
7,10,"Sep","2016",364279.8345925,434632.932165506,-70353.0975730057,388793.059659316
7,10,"Oct","2016",340250.946752222,454040.683827172,-113789.73707495,388793.059659316
7,10,"Nov","2016",557637.925704444,458560.436190506,99077.4895139387,388793.059659316
8,1,"Jul","2016",928106.940225,745023.333346315,183083.606878685,1310613.10290024
8,1,"Aug","2016",883149.870243333,1078156.1496902,-195006.279446871,1310613.10290024
8,1,"Sep","2016",905566.507548333,740456.837339649,165109.670208685,1310613.10290024
8,1,"Oct","2016",811189.55883,793478.605610482,17710.9532195184,1310613.10290024
8,1,"Nov","2016",785821.628021667,749324.273905482,36497.3541161849,1310613.10290024
8,2,"Jul","2016",953114.057491667,747848.568227786,205265.489263881,970496.746149794
8,2,"Aug","2016",794619.6638,739019.917629453,55599.7461705471,970496.746149794
8,2,"Sep","2016",554993.350665833,599169.486922883,-44176.1362570496,970496.746149794
8,2,"Oct","2016",536634.133927273,626907.406764666,-90273.2728373929,970496.746149794
8,2,"Nov","2016",548058.2240825,643596.339442144,-95538.1153596442,970496.746149794
8,3,"Jul","2016",780043.804366667,775775.317728148,4268.48663851828,1073733.83498902
8,3,"Aug","2016",737923.144066667,836074.670468982,-98151.5264023151,1073733.83498902
8,3,"Sep","2016",716434.110433333,625146.337083426,91287.7733499071,1073733.83498902
8,3,"Oct","2016",551970.566275,636118.702155093,-84148.1358800929,1073733.83498902
8,3,"Nov","2016",538278.8851,621142.039455093,-82863.1543550928,1073733.83498902
8,4,"Jul","2016",433721.10614,440267.191267648,-6546.08512764802,506043.263193869
8,4,"Aug","2016",425236.55546,448665.655557648,-23429.1000976481,506043.263193869
8,4,"Sep","2016",407306.95874,407475.010836759,-168.052096759202,506043.263193869
8,4,"Oct","2016",412590.335996,388782.340632315,23807.9953636852,506043.263193869
8,4,"Nov","2016",348441.08396,374644.054624315,-26202.9706643147,506043.263193869
8,5,"Jul","2016",214667.349468,420210.76414824,-205543.41468024,415545.55902088
8,5,"Aug","2016",190555.410117273,416399.628913561,-225844.218796288,415545.55902088
8,5,"Sep","2016",220384.689254545,422252.193784116,-201867.504529571,415545.55902088
8,5,"Oct","2016",225322.636717,412330.114009394,-187007.477292394,415545.55902088
8,5,"Nov","2016",216225.181330909,279694.718836061,-63469.5375051518,415545.55902088
8,6,"Jul","2016",694121.31635,798386.433417426,-104265.117067426,1019468.54000548
8,6,"Aug","2016",669403.47729,762888.184300315,-93484.7070103149,1019468.54000548
8,6,"Sep","2016",704697.97109,667294.700581704,37403.2705082964,1019468.54000548
8,6,"Oct","2016",640732.714007143,765567.684195315,-124834.970188172,1019468.54000548
8,6,"Nov","2016",634203.208685714,717318.572451426,-83115.3637657117,1019468.54000548
8,7,"Jul","2016",545455.3322,495016.180769444,50439.1514305557,647336.603258248
8,7,"Aug","2016",442145.296286,483881.119319444,-41735.8230334441,647336.603258248
8,7,"Sep","2016",500642.16518,460388.682861111,40253.4823188889,647336.603258248
8,7,"Oct","2016",479348.48822,372337.188513889,107011.299706111,647336.603258248
8,7,"Nov","2016",865196.775733333,396405.001445277,468791.774288056,647336.603258248
8,8,"Jul","2016",415520.249675,366803.710041172,48716.5396338279,947400.002953159
8,8,"Aug","2016",339065.263504,358954.591982172,-19889.3284781721,947400.002953159
8,8,"Sep","2016",392438.088475,368499.087323172,23939.0011518278,947400.002953159
8,8,"Oct","2016",315642.91947,428054.13572795,-112411.21625795,947400.002953159
8,8,"Nov","2016",454334.13186,437524.530061172,16809.6017988281,947400.002953159
8,9,"Jul","2016",426250.588470769,449116.153076266,-22865.5646054966,690099.248944244
8,9,"Aug","2016",405395.273815385,453289.980841401,-47894.7070260161,690099.248944244
8,9,"Sep","2016",411054.729176923,454708.040867524,-43653.3116906009,690099.248944244
8,9,"Oct","2016",412453.807923077,465738.687455943,-53284.879532866,690099.248944244
8,9,"Nov","2016",435700.799635714,472231.094347075,-36530.2947113611,690099.248944244
8,10,"Jul","2016",681411.837725,599995.676739583,81416.1609854166,881458.81485447
8,10,"Aug","2016",606949.47745,593243.969646806,13705.5078031943,881458.81485447
8,10,"Sep","2016",628636.8823,586496.245278472,42140.6370215279,881458.81485447
8,10,"Oct","2016",684276.74065,632097.282875694,52179.4577743056,881458.81485447
8,10,"Nov","2016",650580.410833333,682084.377155139,-31503.9663218055,881458.81485447
9,1,"Jul","2016",698068.131953636,645124.899116081,52943.2328375557,804283.520794934
9,1,"Aug","2016",701264.602067692,668147.406895779,33117.1951719131,804283.520794934
9,1,"Sep","2016",594297.369676923,669672.339138065,-75374.9694611416,804283.520794934
9,1,"Oct","2016",645424.552645833,731817.493645525,-86392.9409996916,804283.520794934
9,1,"Nov","2016",641105.723498462,754123.874079525,-113018.150581064,804283.520794934
9,2,"Jul","2016",1076446.21230914,1021465.91370915,54980.2985999917,1495915.49559209
9,2,"Aug","2016",1056579.29703939,1080523.57408152,-23944.2770421293,1495915.49559209
9,2,"Sep","2016",1075782.17581788,1040643.31155017,35138.8642677113,1495915.49559209
9,2,"Oct","2016",1023239.28356529,1066020.26675178,-42780.98318649,1495915.49559209
9,2,"Nov","2016",1041776.78308611,1112059.76289746,-70282.9798113445,1495915.49559209
9,3,"Jul","2016",727270.800433333,693399.535696926,33871.2647364077,1360944.23567219
9,3,"Aug","2016",801241.33834,887820.627121926,-86579.2887819259,1360944.23567219
9,3,"Sep","2016",827371.5577,738495.847987759,88875.7097122412,1360944.23567219
9,3,"Oct","2016",848528.20642,703412.107368315,145116.099051686,1360944.23567219
9,3,"Nov","2016",871024.334,806068.772131537,64955.5618684633,1360944.23567219
9,4,"Jul","2016",571120.42065,394477.737680463,176642.682969537,663570.711873788
9,4,"Aug","2016",711156.549366667,899086.065522685,-187929.516156018,663570.711873788
9,4,"Sep","2016",751136.780766667,553968.489222685,197168.291543982,663570.711873788
9,4,"Oct","2016",711808.7381,646988.179139351,64820.5589606488,663570.711873788
9,4,"Nov","2016",795462.8888,97629.6180393519,697833.270760648,663570.711873788
9,7,"Jul","2016",853847.478732,1269145.26851389,-415297.789781889,1433333.31293048
9,7,"Aug","2016",803072.67366,1311323.64889722,-508250.975237223,1433333.31293048
9,7,"Sep","2016",795772.10828,1262075.63223056,-466303.523950555,1433333.31293048
9,7,"Oct","2016",662073.03978,1252254.13814722,-590181.098367222,1433333.31293048
9,7,"Nov","2016",687648.07605,1288739.35149722,-601091.275447222,1433333.31293048
9,9,"Aug","2016",1070554.614,1022823.93193571,47730.6820642856,1685543.18179167
9,9,"Sep","2016",1133822.729,1024950.07788571,108872.651114286,1685543.18179167
9,9,"Oct","2016",1118081.55,948135.785213492,169945.764786508,1685543.18179167
9,9,"Nov","2016",1393623.94,1118043.35694683,275580.583053174,1685543.18179167
10,2,"Jul","2016",209387.8143275,211396.627372037,-2008.81304453692,407941.127720202
10,2,"Aug","2016",253007.037596667,258089.223335926,-5082.18573925915,407941.127720202
10,2,"Sep","2016",198572.504206667,250353.851973148,-51781.3477664813,407941.127720202
10,2,"Oct","2016",229695.13691,217740.328547315,11954.8083626853,407941.127720202
10,2,"Nov","2016",272430.532653333,240373.250400092,32057.2822532409,407941.127720202
10,5,"Jul","2016",135920.76469,135159.950935968,760.813754031784,147591.049320681
10,5,"Aug","2016",94332.2589885714,127836.496735175,-33504.2377466031,147591.049320681
10,5,"Sep","2016",110861.2716375,124134.798668508,-13273.5270310079,147591.049320681
10,5,"Oct","2016",94030.792955,126873.274155889,-32842.4812008889,147591.049320681
10,5,"Nov","2016",126523.40671,138027.728346127,-11504.3216361269,147591.049320681
10,7,"Jul","2016",203899.9543,381863.772351944,-177963.818051944,182094.436634394
10,7,"Aug","2016",334024.0448,258308.950268611,75715.094531389,182094.436634394
10,7,"Sep","2016",150763.2658,358658.714901944,-207895.449101944,182094.436634394
10,7,"Oct","2016",188414.6089,265271.340118611,-76856.7312186111,182094.436634394
10,7,"Nov","2016",207146.6232,345434.408201944,-138287.785001944,182094.436634394
10,8,"Jul","2016",24308961.545585,23880586.9993472,428374.546237782,33474889.2313486
10,8,"Aug","2016",25266323.983,25081443.0091589,184880.973841112,33474889.2313486
10,8,"Sep","2016",24841551.271105,23628819.6275405,1212731.64356446,33474889.2313486
10,8,"Oct","2016",24095818.12786,24501802.0616872,-405983.933827214,33474889.2313486
10,8,"Nov","2016",25018479.8198,24854111.4638622,164368.355937783,33474889.2313486
